Model,ROC_AUC
Random Forest,0.9788979952113059
Gradient Boosting,0.9805495345451337
Extra Trees,0.9718849726701022
